{
  "hash": "8a271d39",
  "configHash": "7b8a5416",
  "lockfileHash": "d295a992",
  "browserHash": "b7e4904b",
  "optimized": {
    "@angular/common": {
      "src": "../../../../../../node_modules/@angular/common/fesm2022/common.mjs",
      "file": "@angular_common.js",
      "fileHash": "088a4fc7",
      "needsInterop": false
    },
    "@angular/common/http": {
      "src": "../../../../../../node_modules/@angular/common/fesm2022/http.mjs",
      "file": "@angular_common_http.js",
      "fileHash": "2eabc9e1",
      "needsInterop": false
    },
    "@angular/core": {
      "src": "../../../../../../node_modules/@angular/core/fesm2022/core.mjs",
      "file": "@angular_core.js",
      "fileHash": "17e9a785",
      "needsInterop": false
    },
    "@angular/forms": {
      "src": "../../../../../../node_modules/@angular/forms/fesm2022/forms.mjs",
      "file": "@angular_forms.js",
      "fileHash": "a131e077",
      "needsInterop": false
    },
    "@angular/platform-browser": {
      "src": "../../../../../../node_modules/@angular/platform-browser/fesm2022/platform-browser.mjs",
      "file": "@angular_platform-browser.js",
      "fileHash": "91c16690",
      "needsInterop": false
    },
    "@angular/router": {
      "src": "../../../../../../node_modules/@angular/router/fesm2022/router.mjs",
      "file": "@angular_router.js",
      "fileHash": "9af95205",
      "needsInterop": false
    },
    "axios": {
      "src": "../../../../../../node_modules/axios/index.js",
      "file": "axios.js",
      "fileHash": "b8ffa798",
      "needsInterop": false
    },
    "rxjs": {
      "src": "../../../../../../node_modules/rxjs/dist/esm5/index.js",
      "file": "rxjs.js",
      "fileHash": "02925f94",
      "needsInterop": false
    }
  },
  "chunks": {
    "chunk-LYWOK6UW": {
      "file": "chunk-LYWOK6UW.js"
    },
    "chunk-UYCJ27XI": {
      "file": "chunk-UYCJ27XI.js"
    },
    "chunk-JALDZKPO": {
      "file": "chunk-JALDZKPO.js"
    },
    "chunk-OQP7OUDA": {
      "file": "chunk-OQP7OUDA.js"
    },
    "chunk-HBMAJEGC": {
      "file": "chunk-HBMAJEGC.js"
    },
    "chunk-RSS3ODKE": {
      "file": "chunk-RSS3ODKE.js"
    },
    "chunk-653SOEEV": {
      "file": "chunk-653SOEEV.js"
    }
  }
}